-- POPULARE

USE Policlinici;

INSERT INTO utilizatori (CNP, nume, prenume, adresa, nr_telefon, email, IBAN, nr_contract, data_angajarii, tip, functie, salar_neg, nr_ore, parola)
VALUES ('6020420298635', 'Gheorghidiu', 'Stefan', 'Str. Emil Isac, nr. 89', '0774167876', 'gheor_stefan@yahoo.com', 'NL43RABO7138432496', 1, '2020-11-1', 'angajat',
'medic', 30, 180,'aaaaaaaa'),
('6000901302020', 'Varvara', 'Raluca', 'Str. Pacii nr.6', '0724285910', 'raluvarvara@yahoo.com', 'BR3239119969684219657626134R7', 2, '2020-11-1', 'administrator',
'medic', 45, 180,'bbbbbbbb'),
('5000724298635', 'Tudor', 'Mihai', 'Str. Dambovitei, nr. 99', '0756816734', 'mihai_nicusor_tudor@yahoo.com', 'RO70PORL1227735554638331', '3', '2020-11-1', 'administrator',
'medic', '40', '180','cccccccc'),
('5000417298635', 'Pucani', 'Catalin', 'Str. D, nr. 99', '0754981206', 'catalin_l_pucani@yahoo.com', 'RO52RZBR8276434759541169', '4', '2020-11-1', 'administrator',
'medic', '40', '180','dddddddd'),
('2961002113354', 'Petrareanu', 'Karla', 'Str. Lacramioarelor nr. 48', '0738790234', 'karla_petrareanu@yahoo.com', 'RO21PORL9797524192272184', '5', '2020-11-1', 'angajat',
'asistent medical', '36', '180','eeeeeeee'),
('2880307019450', 'Ivan', 'Cosmina', 'Str. Mihai Eminescu nr. 76', '0790123123', 'ivan_cosmina@yahoo.com', 'RO45PORL2419494694585632', '6', '2020-11-1', 'super-administrator',
'medic', '42', '180','ffffffff'),
('2960208293544', 'Nicoara', 'Ioana', 'Str. Independentei, nr. 99', '0778091739', 'ioana_marusea@yahoo.com', 'RO32PORL9695835778855776', '7', '2020-11-1', 'angajat',
'medic', '36', '180','gggggggg'),
('1960417285880', 'Pinzariu', 'Razvan', 'Str. Eugen Ionescu, nr. 112', '0723654192', 'pinzariu_razvan@yahoo.com', 'RO60RZBR5115445331773695', '8', '2020-11-1', 'angajat',
'expert financiar', '35', '180','hhhhhhhh'),
('2920318527823', 'Goron', 'Lidia', 'Str. Panselutelor, nr. 12', '0793659892', 'goron_lidia@yahoo.com', 'RO39PORL3299393821951279', '9', '2020-11-1', 'angajat',
'inspector resurse umane', '3500', '180','iiiiiiii'),
('2871026175769', 'Stef', 'Paula', 'Str. Octavian Goga, nr. 56', '0787102372', 'stef_paula@yahoo.com', 'RO69RZBR7419885676338693', '10', '2020-11-1', 'angajat',
'expert financiar', '35', '180','jjjjjjjj'),
('1910806161804', 'Corjin', 'Valentin', 'Str. Oltet, nr. 18', '0789820510', 'corjin_valentin@yahoo.com', 'RO67RZBR6981555154669377', '11', '2020-11-1', 'angajat',
'inspector resurse umane', '3500', '180','kkkkkkkk'),
('1860219262233', 'Nitu', 'Vlad', 'Str. Balcescu, nr. 56', '0754192387', 'nitu_vlad@yahoo.com', 'RO79RZBR7646967131538231', '12', '2020-11-1', 'angajat',
'expert financiar', '35', '180','llllllll'),
('1850705110443', 'Leanca', 'David', 'Str. Muresenilor, nr. 79', '0787243798', 'leanca_david@yahoo.com', 'RO27RZBR6551124262893649', '13', '2020-11-1', 'angajat',
'inspector resurse umane', '35', '180','mmmmmmmm'),
('1920502316159', 'Tanul', 'Gabriel', 'Str. Ioan Socec, nr. 7', '0728763016', 'tanul_gabriel@yahoo.com', 'RO57RZBR5844571136225829', '14', '2020-11-1', 'angajat',
'expert financiar', '35', '180','nnnnnnnn'),
('6011115184628', 'Varga', 'Alexandra', 'Str. Axente Baciu, nr. 79', '0778967897', 'varga_alexandra@yahoo.com', 'RO80RZBR2972835333763963', '15', '2020-11-1', 'angajat',
'inspector resurse umane', '35', '180','oooooooo'),
('2850624184077', 'Bozdog', 'Raluca', 'Str. Axente Baciu, nr. 81', '0724999777', 'bozdog_raluca@yahoo.com', 'RO47PORL2345296423318941', '16', '2020-11-1', 'angajat',
'asistent medical', '35', '180','pppppppp'),
('2950823233090', 'Radu', 'Ana', 'Str. Pacii, nr. 2', '0722789456', 'radu_ana@yahoo.com', 'RO49PORL7661922842288422', '17', '2020-11-1', 'angajat',
'asistent medical', '35', '180','qqqqqqqq')
;

INSERT INTO utilizatori (CNP, nume, prenume, adresa, nr_telefon, email, IBAN, nr_contract, data_angajarii, tip, functie, salar_neg, nr_ore, parola)
VALUES ('6021021248187', 'Stanciulescu', 'Anastasia', 'Str. Faget nr. 2', '0778123670', 'stanciulescu_anastasia@yahoo.com', 'RO06RZBR4456865987463285', 18, '2020-11-1', 'angajat',
'asistent medical', 35, 180,'rrrrrrrr');

INSERT INTO utilizatori (CNP, nume, prenume, adresa, nr_telefon, email, IBAN, nr_contract, data_angajarii, tip, functie, salar_neg, nr_ore,parola)
VALUES ('1970629350813', 'Eliade', 'Mircea', 'Str. Titulescu nr. 5', '0778123670', 'eliade_mircea@yahoo.com', 'RO75RZBR5446194671135429', '19', '2020-11-1', 'angajat',
'receptioner', '35', '180','ssssssss'),
('1960427161275', 'Hesse', 'Herman', 'Str. 13 decembrie nr. 2', '0778345678', 'hesse_herman@yahoo.com', 'RO05RZBR8778372386768296', '20', '2020-11-1', 'angajat',
'receptioner', '35', '180','tttttttt'),
('1941219149328', 'Kafka', 'Franz', 'Str. Independetei nr. 2', '0798123456', 'kafka_franz@yahoo.com', 'RO68RZBR4481879138492387', '21', '2020-11-1', 'angajat',
'receptioner', '35', '180','uuuuuuuu'),
('5020628425045', 'Kerouac', 'Jack', 'Str. Castanilor nr. 2', '0745678947', 'kerouac_jack@yahoo.com', 'RO30PORL8477865296691638', '22', '2020-11-1', 'angajat',
'receptioner', '35', '180','vvvvvvvv')
;

INSERT INTO programe (luni_ora_inceput, luni_ora_sfarsit, marti_ora_inceput, marti_ora_sfarsit, miercuri_ora_inceput, miercuri_ora_sfarsit, joi_ora_inceput, joi_ora_sfarsit,
vineri_ora_inceput, vineri_ora_sfarsit, sambata_ora_inceput, sambata_ora_sfarsit, duminica_ora_inceput, duminica_ora_sfarsit)
VALUES ('08:00:00','16:00:00','08:00:00','16:00:00','08:00:00','16:00:00','08:00:00','16:00:00','08:00:00','16:00:00','08:00:00','14:00:00','08:00:00','14:00:00'),
('08:00:00','16:00:00','08:00:00','16:00:00','08:00:00','16:00:00','08:00:00','16:00:00','08:00:00','16:00:00','08:00:00','14:00:00','08:00:00','14:00:00'),
('16:00:00','23:00:00','16:00:00','23:00:00','16:00:00','23:00:00','16:00:00','23:00:00','16:00:00','23:00:00','16:00:00','21:00:00','16:00:00','21:00:00'),
('16:00:00','23:00:00','16:00:00','23:00:00','16:00:00','23:00:00','16:00:00','23:00:00','16:00:00','23:00:00','16:00:00','21:00:00','16:00:00','21:00:00');

INSERT INTO unitati_medicale (denumire, adresa, id_program) 
VALUES ('Regina Maria', 'Str. Lunga nr. 56', 1),
('MedLife', 'Str. Independentei nr. 14', 2),
('Policlinica Astra', 'Str. Calea Bucuresti nr. 102', 3),
('Medo','Str. Lacurilor nr. 76',4);

-- inserare asistenti
INSERT INTO asistenti_medicali(CNP_utilizator, tip, grad)
VALUES ('2961002113354','generalist',1),
('2950823233090','laborator',2),
('2850624184077','generalist',1),
('6021021248187','radiologie',1);

-- orare generice pentru asistenti
set @okay =0;

call add_new_orar_generic('2961002113354','luni', '08:00:00','16:00:00','Regina Maria',@okay);
call add_new_orar_generic('2961002113354','marti', '08:00:00','16:00:00','Regina Maria',@okay);
call add_new_orar_generic('2961002113354','miercuri', '08:00:00','16:00:00','Regina Maria',@okay);
call add_new_orar_generic('2961002113354','joi', '08:00:00','16:00:00','Regina Maria',@okay);
call add_new_orar_generic('2961002113354','vineri', '08:00:00','16:00:00','Regina Maria',@okay);
call add_new_orar_generic('2961002113354','sambata', '08:00:00','12:00:00','Regina Maria',@okay);
call add_new_orar_generic('2961002113354','duminica', '08:00:00','12:00:00','Regina Maria',@okay);

call add_new_orar_generic('2950823233090','luni', '08:00:00','16:00:00','MedLife',@okay);
call add_new_orar_generic('2950823233090','marti', '08:00:00','16:00:00','MedLife',@okay);
call add_new_orar_generic('2950823233090','miercuri', '08:00:00','16:00:00','MedLife',@okay);
call add_new_orar_generic('2950823233090','joi', '08:00:00','16:00:00','MedLife',@okay);
call add_new_orar_generic('2950823233090','vineri', '08:00:00','16:00:00','MedLife',@okay);
call add_new_orar_generic('2950823233090','sambata', '08:00:00','12:00:00','MedLife',@okay);
call add_new_orar_generic('2950823233090','duminica', '08:00:00','12:00:00','MedLife',@okay);

call add_new_orar_generic('2850624184077','luni', '16:00:00','23:00:00','Policlinica Astra',@okay);
call add_new_orar_generic('2850624184077','marti', '16:00:00','23:00:00','Policlinica Astra',@okay);
call add_new_orar_generic('2850624184077','miercuri', '16:00:00','23:00:00','Policlinica Astra',@okay);
call add_new_orar_generic('2850624184077','joi', '16:00:00','23:00:00','Policlinica Astra',@okay);
call add_new_orar_generic('2850624184077','vineri', '16:00:00','23:00:00','Policlinica Astra',@okay);
call add_new_orar_generic('2850624184077','sambata', '16:00:00','20:00:00','Policlinica Astra',@okay);
call add_new_orar_generic('2850624184077','duminica', '16:00:00','20:00:00','Policlinica Astra',@okay);

call add_new_orar_generic('6021021248187','luni', '16:00:00','23:00:00','Medo',@okay);
call add_new_orar_generic('6021021248187','marti', '16:00:00','23:00:00','Medo',@okay);
call add_new_orar_generic('6021021248187','miercuri', '16:00:00','23:00:00','Medo',@okay);
call add_new_orar_generic('6021021248187','joi', '16:00:00','23:00:00','Medo',@okay);
call add_new_orar_generic('6021021248187','vineri', '16:00:00','23:00:00','Medo',@okay);
call add_new_orar_generic('6021021248187','sambata', '16:00:00','20:00:00','Medo',@okay);
call add_new_orar_generic('6021021248187','duminica', '16:00:00','20:00:00','Medo',@okay);

-- orare generice pentru experti financiari

call add_new_orar_generic('1960417285880','luni', '08:00:00','16:00:00','Regina Maria',@okay);
call add_new_orar_generic('1960417285880','marti', '08:00:00','16:00:00','Regina Maria',@okay);
call add_new_orar_generic('1960417285880','miercuri', '08:00:00','16:00:00','Regina Maria',@okay);
call add_new_orar_generic('1960417285880','joi', '08:00:00','16:00:00','Regina Maria',@okay);
call add_new_orar_generic('1960417285880','vineri', '08:00:00','16:00:00','Regina Maria',@okay);
call add_new_orar_generic('1960417285880','sambata', '08:00:00','12:00:00','Regina Maria',@okay);
call add_new_orar_generic('1960417285880','duminica', '08:00:00','12:00:00','Regina Maria',@okay);

call add_new_orar_generic('2871026175769','luni', '08:00:00','16:00:00','MedLife',@okay);
call add_new_orar_generic('2871026175769','marti', '08:00:00','16:00:00','MedLife',@okay);
call add_new_orar_generic('2871026175769','miercuri', '08:00:00','16:00:00','MedLife',@okay);
call add_new_orar_generic('2871026175769','joi', '08:00:00','16:00:00','MedLife',@okay);
call add_new_orar_generic('2871026175769','vineri', '08:00:00','16:00:00','MedLife',@okay);
call add_new_orar_generic('2871026175769','sambata', '08:00:00','12:00:00','MedLife',@okay);
call add_new_orar_generic('2871026175769','duminica', '08:00:00','12:00:00','MedLife',@okay);

call add_new_orar_generic('1860219262233','luni', '16:00:00','23:00:00','Policlinica Astra',@okay);
call add_new_orar_generic('1860219262233','marti', '16:00:00','23:00:00','Policlinica Astra',@okay);
call add_new_orar_generic('1860219262233','miercuri', '16:00:00','23:00:00','Policlinica Astra',@okay);
call add_new_orar_generic('1860219262233','joi', '16:00:00','23:00:00','Policlinica Astra',@okay);
call add_new_orar_generic('1860219262233','vineri', '16:00:00','23:00:00','Policlinica Astra',@okay);
call add_new_orar_generic('1860219262233','sambata', '16:00:00','20:00:00','Policlinica Astra',@okay);
call add_new_orar_generic('1860219262233','duminica', '16:00:00','20:00:00','Policlinica Astra',@okay);

call add_new_orar_generic('1920502316159','luni', '16:00:00','23:00:00','Medo',@okay);
call add_new_orar_generic('1920502316159','marti', '16:00:00','23:00:00','Medo',@okay);
call add_new_orar_generic('1920502316159','miercuri', '16:00:00','23:00:00','Medo',@okay);
call add_new_orar_generic('1920502316159','joi', '16:00:00','23:00:00','Medo',@okay);
call add_new_orar_generic('1920502316159','vineri', '16:00:00','23:00:00','Medo',@okay);
call add_new_orar_generic('1920502316159','sambata', '16:00:00','20:00:00','Medo',@okay);
call add_new_orar_generic('1920502316159','duminica', '16:00:00','20:00:00','Medo',@okay);

-- orare generice pentru inspectori resurse umane
 
 call add_new_orar_generic('1910806161804','luni', '08:00:00','16:00:00','Regina Maria',@okay);
call add_new_orar_generic('1910806161804','marti', '08:00:00','16:00:00','Regina Maria',@okay);
call add_new_orar_generic('1910806161804','miercuri', '08:00:00','16:00:00','Regina Maria',@okay);
call add_new_orar_generic('1910806161804','joi', '08:00:00','16:00:00','Regina Maria',@okay);
call add_new_orar_generic('1910806161804','vineri', '08:00:00','16:00:00','Regina Maria',@okay);
call add_new_orar_generic('1910806161804','sambata', '08:00:00','12:00:00','Regina Maria',@okay);
call add_new_orar_generic('1910806161804','duminica', '08:00:00','12:00:00','Regina Maria',@okay);

call add_new_orar_generic('2920318527823','luni', '08:00:00','16:00:00','MedLife',@okay);
call add_new_orar_generic('2920318527823','marti', '08:00:00','16:00:00','MedLife',@okay);
call add_new_orar_generic('2920318527823','miercuri', '08:00:00','16:00:00','MedLife',@okay);
call add_new_orar_generic('2920318527823','joi', '08:00:00','16:00:00','MedLife',@okay);
call add_new_orar_generic('2920318527823','vineri', '08:00:00','16:00:00','MedLife',@okay);
call add_new_orar_generic('2920318527823','sambata', '08:00:00','12:00:00','MedLife',@okay);
call add_new_orar_generic('2920318527823','duminica', '08:00:00','12:00:00','MedLife',@okay);

call add_new_orar_generic('1850705110443','luni', '16:00:00','23:00:00','Policlinica Astra',@okay);
call add_new_orar_generic('1850705110443','marti', '16:00:00','23:00:00','Policlinica Astra',@okay);
call add_new_orar_generic('1850705110443','miercuri', '16:00:00','23:00:00','Policlinica Astra',@okay);
call add_new_orar_generic('1850705110443','joi', '16:00:00','23:00:00','Policlinica Astra',@okay);
call add_new_orar_generic('1850705110443','vineri', '16:00:00','23:00:00','Policlinica Astra',@okay);
call add_new_orar_generic('1850705110443','sambata', '16:00:00','20:00:00','Policlinica Astra',@okay);
call add_new_orar_generic('1850705110443','duminica', '16:00:00','20:00:00','Policlinica Astra',@okay);

call add_new_orar_generic('6011115184628','luni', '16:00:00','23:00:00','Medo',@okay);
call add_new_orar_generic('6011115184628','marti', '16:00:00','23:00:00','Medo',@okay);
call add_new_orar_generic('6011115184628','miercuri', '16:00:00','23:00:00','Medo',@okay);
call add_new_orar_generic('6011115184628','joi', '16:00:00','23:00:00','Medo',@okay);
call add_new_orar_generic('6011115184628','vineri', '16:00:00','23:00:00','Medo',@okay);
call add_new_orar_generic('6011115184628','sambata', '16:00:00','20:00:00','Medo',@okay);
call add_new_orar_generic('6011115184628','duminica', '16:00:00','20:00:00','Medo',@okay);

-- orare generice pentru receptioneri

 call add_new_orar_generic('1960427161275','luni', '08:00:00','16:00:00','Regina Maria',@okay);
call add_new_orar_generic('1960427161275','marti', '08:00:00','16:00:00','Regina Maria',@okay);
call add_new_orar_generic('1960427161275','miercuri', '08:00:00','16:00:00','Regina Maria',@okay);
call add_new_orar_generic('1960427161275','joi', '08:00:00','16:00:00','Regina Maria',@okay);
call add_new_orar_generic('1960427161275','vineri', '08:00:00','16:00:00','Regina Maria',@okay);
call add_new_orar_generic('1960427161275','sambata', '08:00:00','12:00:00','Regina Maria',@okay);
call add_new_orar_generic('1960427161275','duminica', '08:00:00','12:00:00','Regina Maria',@okay);

call add_new_orar_generic('1970629350813','luni', '08:00:00','16:00:00','MedLife',@okay);
call add_new_orar_generic('1970629350813','marti', '08:00:00','16:00:00','MedLife',@okay);
call add_new_orar_generic('1970629350813','miercuri', '08:00:00','16:00:00','MedLife',@okay);
call add_new_orar_generic('1970629350813','joi', '08:00:00','16:00:00','MedLife',@okay);
call add_new_orar_generic('1970629350813','vineri', '08:00:00','16:00:00','MedLife',@okay);
call add_new_orar_generic('1970629350813','sambata', '08:00:00','12:00:00','MedLife',@okay);
call add_new_orar_generic('1970629350813','duminica', '08:00:00','12:00:00','MedLife',@okay);

call add_new_orar_generic('1941219149328','luni', '16:00:00','23:00:00','Policlinica Astra',@okay);
call add_new_orar_generic('1941219149328','marti', '16:00:00','23:00:00','Policlinica Astra',@okay);
call add_new_orar_generic('1941219149328','miercuri', '16:00:00','23:00:00','Policlinica Astra',@okay);
call add_new_orar_generic('1941219149328','joi', '16:00:00','23:00:00','Policlinica Astra',@okay);
call add_new_orar_generic('1941219149328','vineri', '16:00:00','23:00:00','Policlinica Astra',@okay);
call add_new_orar_generic('1941219149328','sambata', '16:00:00','20:00:00','Policlinica Astra',@okay);
call add_new_orar_generic('1941219149328','duminica', '16:00:00','20:00:00','Policlinica Astra',@okay);

call add_new_orar_generic('5020628425045','luni', '16:00:00','23:00:00','Medo',@okay);
call add_new_orar_generic('5020628425045','marti', '16:00:00','23:00:00','Medo',@okay);
call add_new_orar_generic('5020628425045','miercuri', '16:00:00','23:00:00','Medo',@okay);
call add_new_orar_generic('5020628425045','joi', '16:00:00','23:00:00','Medo',@okay);
call add_new_orar_generic('5020628425045','vineri', '16:00:00','23:00:00','Medo',@okay);
call add_new_orar_generic('5020628425045','sambata', '16:00:00','20:00:00','Medo',@okay);
call add_new_orar_generic('5020628425045','duminica', '16:00:00','20:00:00','Medo',@okay);

-- inserare medici
INSERT INTO medici (CNP_utilizator, titlu_stiintific, cod_parafa, postul_didactic, procent_adaugat)
VALUES ('6020420298635', 'masterand', 1,'asistent', 15.00), -- Gheorghidiu Stefan
('6000901302020', 'doctorand', 2,'conferentiar', 30.00), -- Varvara Raluca
('5000724298635', 'doctorand', 3,'conferentiar', 30.00), -- Tudor Mihai
('5000417298635', 'doctorand', 4,'conferentiar', 30.00), -- Pucani Catalin
('2880307019450', 'doctorand', 5,'conferentiar', 30.00), -- Ivan Cosmina
('2960208293544', 'masterand', 6,'preparator', 20.00); -- Nicoara Ioana

-- inserare orare generice pentru medici

call add_new_orar_generic('6000901302020','luni', '08:00:00','12:00:00','Regina Maria',@okay);
call add_new_orar_generic('6000901302020','marti', '08:00:00','12:00:00','Regina Maria',@okay);
call add_new_orar_generic('6000901302020','miercuri', '08:00:00','12:00:00','Regina Maria',@okay);
call add_new_orar_generic('6000901302020','joi', '08:00:00','12:00:00','Regina Maria',@okay);
call add_new_orar_generic('6000901302020','vineri', '08:00:00','12:00:00','Regina Maria',@okay);
call add_new_orar_generic('6000901302020','sambata', '08:00:00','11:00:00','Regina Maria',@okay);
call add_new_orar_generic('6000901302020','duminica', '08:00:00','11:00:00','Regina Maria',@okay);

call add_new_orar_generic('6000901302020','luni', '16:00:00','20:00:00','Policlinica Astra',@okay);
call add_new_orar_generic('6000901302020','marti', '16:00:00','20:00:00','Policlinica Astra',@okay);
call add_new_orar_generic('6000901302020','miercuri', '16:00:00','20:00:00','Policlinica Astra',@okay);
call add_new_orar_generic('6000901302020','joi', '16:00:00','20:00:00','Policlinica Astra',@okay);
call add_new_orar_generic('6000901302020','vineri', '16:00:00','20:00:00','Policlinica Astra',@okay);
call add_new_orar_generic('6000901302020','sambata', '16:00:00','18:00:00','Policlinica Astra',@okay);
call add_new_orar_generic('6000901302020','duminica', '16:00:00','18:00:00','Policlinica Astra',@okay);

 call add_new_orar_generic('6020420298635','luni', '08:00:00','16:00:00','Regina Maria',@okay);
call add_new_orar_generic('6020420298635','marti', '08:00:00','16:00:00','Regina Maria',@okay);
call add_new_orar_generic('6020420298635','miercuri', '08:00:00','16:00:00','Regina Maria',@okay);
call add_new_orar_generic('6020420298635','joi', '08:00:00','16:00:00','Regina Maria',@okay);
call add_new_orar_generic('6020420298635','vineri', '08:00:00','16:00:00','Regina Maria',@okay);
call add_new_orar_generic('6020420298635','sambata', '08:00:00','12:00:00','Regina Maria',@okay);
call add_new_orar_generic('6020420298635','duminica', '08:00:00','12:00:00','Regina Maria',@okay);

call add_new_orar_generic('5000724298635','luni', '08:00:00','12:00:00','Medlife',@okay);
call add_new_orar_generic('5000724298635','marti', '08:00:00','12:00:00','Medlife',@okay);
call add_new_orar_generic('5000724298635','miercuri', '08:00:00','12:00:00','Medlife',@okay);
call add_new_orar_generic('5000724298635','joi', '08:00:00','12:00:00','Medlife',@okay);
call add_new_orar_generic('5000724298635','vineri', '08:00:00','12:00:00','Medlife',@okay);
call add_new_orar_generic('5000724298635','sambata', '08:00:00','11:00:00','Medlife',@okay);
call add_new_orar_generic('5000724298635','duminica', '08:00:00','11:00:00','Medlife',@okay);

call add_new_orar_generic('5000724298635','luni', '16:00:00','20:00:00','Medo',@okay);
call add_new_orar_generic('5000724298635','marti', '16:00:00','20:00:00','Medo',@okay);
call add_new_orar_generic('5000724298635','miercuri', '16:00:00','20:00:00','Medo',@okay);
call add_new_orar_generic('5000724298635','joi', '16:00:00','20:00:00','Medo',@okay);
call add_new_orar_generic('5000724298635','vineri', '16:00:00','20:00:00','Medo',@okay);
call add_new_orar_generic('5000724298635','sambata', '16:00:00','18:00:00','Medo',@okay);
call add_new_orar_generic('5000724298635','duminica', '16:00:00','18:00:00','Medo',@okay);

call add_new_orar_generic('5000417298635','luni', '12:00:00','16:00:00','Medlife',@okay);
call add_new_orar_generic('5000417298635','marti', '12:00:00','16:00:00','Medlife',@okay);
call add_new_orar_generic('5000417298635','miercuri', '12:00:00','16:00:00','Medlife',@okay);
call add_new_orar_generic('5000417298635','joi', '12:00:00','16:00:00','Medlife',@okay);
call add_new_orar_generic('5000417298635','vineri', '12:00:00','16:00:00','Medlife',@okay);
call add_new_orar_generic('5000417298635','sambata', '10:00:00','12:00:00','Medlife',@okay);
call add_new_orar_generic('5000417298635','duminica', '10:00:00','12:00:00','Medlife',@okay);

call add_new_orar_generic('5000417298635','luni', '19:00:00','23:00:00','Medo',@okay);
call add_new_orar_generic('5000417298635','marti', '19:00:00','20:00:00','Medo',@okay);
call add_new_orar_generic('5000417298635','miercuri', '19:00:00','23:00:00','Medo',@okay);
call add_new_orar_generic('5000417298635','joi', '19:00:00','23:00:00','Medo',@okay);
call add_new_orar_generic('5000417298635','vineri', '19:00:00','23:00:00','Medo',@okay);
call add_new_orar_generic('5000417298635','sambata', '28:00:00','20:00:00','Medo',@okay);
call add_new_orar_generic('5000417298635','duminica', '18:00:00','20:00:00','Medo',@okay);

call add_new_orar_generic('2880307019450','luni', '16:00:00','23:00:00','Policlinica Astra',@okay);
call add_new_orar_generic('2880307019450','marti', '16:00:00','23:00:00','Policlinica Astra',@okay);
call add_new_orar_generic('2880307019450','miercuri', '16:00:00','23:00:00','Policlinica Astra',@okay);
call add_new_orar_generic('2880307019450','joi', '16:00:00','23:00:00','Policlinica Astra',@okay);
call add_new_orar_generic('2880307019450','vineri', '16:00:00','23:00:00','Policlinica Astra',@okay);
call add_new_orar_generic('2880307019450','sambata', '16:00:00','20:00:00','Policlinica Astra',@okay);
call add_new_orar_generic('2880307019450','duminica', '16:00:00','20:00:00','Policlinica Astra',@okay);

call add_new_orar_generic('2960208293544','luni', '08:00:00','16:00:00','MedLife',@okay);
call add_new_orar_generic('2960208293544','marti', '08:00:00','16:00:00','MedLife',@okay);
call add_new_orar_generic('2960208293544','miercuri', '08:00:00','16:00:00','MedLife',@okay);
call add_new_orar_generic('2960208293544','joi', '08:00:00','16:00:00','MedLife',@okay);
call add_new_orar_generic('2960208293544','vineri', '08:00:00','16:00:00','MedLife',@okay);
call add_new_orar_generic('2960208293544','sambata', '08:00:00','12:00:00','MedLife',@okay);
call add_new_orar_generic('2960208293544','duminica', '08:00:00','12:00:00','MedLife',@okay);


-- CABINETE

INSERT INTO cabinete (specialitate, unitate_medicala) VALUES
('cardiologie', 'Regina Maria'),
('cardiologie', 'Policlinica Astra'),
('cardiologie', 'Medo'),
('neurologie', 'Regina Maria'),
('neurologie', 'MedLife'),
('neurologie', 'Medo'),
('gastroenetrologie', 'MedLife'),
('nefrologie', 'Policlinica Astra'),
('ecografie', 'Regina Maria'),
('chirurgie', 'MedLife'),
('chirurgie', 'Medo');

-- SPECIALITATI

INSERT INTO specialitati(denumire, CNP_medic, grad) 
VALUES('ecografie', '6020420298635', 'primar'),
('cardiologie','6000901302020','primar'),
('cardiologie','5000724298635','primar'),
('chirurgie','5000724298635','primar'),
('chirurgie','5000417298635','primar'),
('neurologie','5000417298635','primar'),
('neurologie','6000901302020','primar'),
('nefrologie', '2880307019450','primar'),
('gastroenetrologie','2960208293544','primar');

-- COMPETENTE

INSERT INTO competente(denumire, CNP_medic) 
VALUES('ecografie', '6020420298635'),
('cardiologie','6000901302020'),
('cardiologie','5000724298635'),
('chirurgie','5000724298635'),
('chirurgie','5000417298635'),
('neurologie','5000417298635'),
('neurologie','6000901302020'),
('nefrologie', '2880307019450'),
('gastroenetrologie','2960208293544');

-- SERVICII

set @o = null;

call adaugare_serviciu( '6020420298635','ecografie', 'ecografie', 'ecografie', 100, 30,@o);
call adaugare_serviciu( '6000901302020','ecocardiologie',  'cardiologie', 'cardiologie', 150, 60,@o);
call adaugare_serviciu(  '5000724298635','cardiologie interventionala', 'cardiologie', 'cardiologie', 150, 60,@o);
call adaugare_serviciu( '5000724298635', 'chirurgie spinala',  'chirurgie', 'chirurgie', 300, 60,@o);
call adaugare_serviciu( '5000417298635', 'chirurgie toracica',  'chirurgie', 'chirurgie', 300, 60,@o);
call adaugare_serviciu( '6000901302020','EEG',  'neurologie','neurologie', 300, 60,@o);
call adaugare_serviciu( '5000417298635', 'EMG', 'neurologie','neurologie', 300, 60,@o);
call adaugare_serviciu( '2880307019450', 'dializa', 'nefrologie', 'nefrologie', 200, 120,@o);
call adaugare_serviciu(  '2960208293544', 'endoscopie digestiva', 'gastroenetrologie', 'gastroenetrologie', 150, 60,@o);

-- CONCEDII

call stabilire_concediu('Varvara', 'Raluca', '2021-01-21', '2021-01-23');
call stabilire_concediu('Leanca', 'David', '2020-12-25', '2020-12-27');
call stabilire_concediu('Leanca', 'David', '2020-12-23', '2020-12-24');
call stabilire_concediu('Nicoara', 'Ioana', '2020-12-12', '2020-12-13');

-- PROGRAMARI 

set @rez = null;
-- Varvara Raluca
call creare_programare('Karla','Petrareanu',  'Varvara', 'Raluca', '2020-12-31', '08:00:00', 'EEG', 'Regina Maria', @rez);
call creare_programare('Petrareanu','Karla', 'Varvara', 'Raluca', '2020-12-30', '08:00:00', 'EEG', 'Regina Maria', @rez);
call creare_programare('Iris', 'Eleonora', 'Varvara', 'Raluca', '2021-01-10', '08:00:00', 'EEG', 'Regina Maria', @rez);
call creare_programare('Ene', 'Larisa', 'Varvara', 'Raluca', '2021-01-12', '10:00:00', 'ecocardiologie', 'Regina Maria', @rez);
call creare_programare('Burca', 'Marin', 'Varvara', 'Raluca', '2021-01-11', '08:00:00', 'ecocardiologie', 'Regina Maria', @rez);
call creare_programare('Lungu', 'Dan', 'Varvara', 'Raluca', '2021-01-16', '16:00:00', 'EEG', 'Policlinica Astra', @rez);
call creare_programare('Popescu', 'Simona', 'Varvara', 'Raluca', '2021-01-13', '08:00:00', 'EEG', 'Regina Maria', @rez);
call creare_programare('Radulescu', 'Anastasia', 'Varvara', 'Raluca', '2021-01-10', '18:00:00', 'ecocardiologie', 'Policlinica Astra', @rez);
call creare_programare('Radulescu', 'Anastasia', 'Varvara', 'Raluca', '2021-01-11', '18:00:00', 'ecocardiologie', 'Policlinica Astra', @rez);
call creare_programare('Karla','Petrareanu',  'Varvara', 'Raluca', '2021-01-09', '08:00:00', 'EEG', 'Regina Maria', @rez);
call creare_programare('Petrareanu','Karla', 'Varvara', 'Raluca', '2021-01-08', '08:00:00', 'EEG', 'Regina Maria', @rez);
call creare_programare('Lungu', 'Dan', 'Varvara', 'Raluca', '2021-01-09', '16:00:00', 'EEG', 'Policlinica Astra', @rez);
call creare_programare('Lungu', 'Dan', 'Varvara', 'Raluca', '2021-01-10', '16:00:00', 'ecocardiologie', 'Policlinica Astra', @rez);
call creare_programare('Adamesteanu', 'Gabriela', 'Varvara', 'Raluca', '2021-01-10', '17:00:00', 'ecocardiologie', 'Policlinica Astra', @rez);
call creare_programare('Tudose', 'Alexandru', 'Varvara', 'Raluca', '2021-01-18', '18:00:00', 'ecocardiologie', 'Policlinica Astra', @rez);
call creare_programare('Lungu', 'Dan', 'Varvara', 'Raluca', '2021-01-29', '16:00:00', 'ecocardiologie', 'Policlinica Astra', @rez);
call creare_programare('Adamesteanu', 'Gabriela', 'Varvara', 'Raluca', '2021-01-27', '17:00:00', 'ecocardiologie', 'Policlinica Astra', @rez);
call creare_programare('Tudose', 'Alexandru', 'Varvara', 'Raluca', '2021-01-26', '18:00:00', 'ecocardiologie', 'Policlinica Astra', @rez);
call creare_programare('Lungu', 'Dan', 'Varvara', 'Raluca', '2021-01-24', '16:00:00', 'ecocardiologie', 'Policlinica Astra', @rez);
call creare_programare('Adamesteanu', 'Gabriela', 'Varvara', 'Raluca', '2021-01-25', '17:00:00', 'ecocardiologie', 'Policlinica Astra', @rez);
call creare_programare('Tudose', 'Alexandru', 'Varvara', 'Raluca', '2021-01-25', '18:00:00', 'ecocardiologie', 'Policlinica Astra', @rez);

call creare_programare('Iris', 'Eleonora', 'Varvara', 'Raluca', '2021-01-30', '08:00:00', 'EEG', 'Regina Maria', @rez);
call creare_programare('Ene', 'Larisa', 'Varvara', 'Raluca', '2021-01-30', '09:00:00', 'ecocardiologie', 'Regina Maria', @rez);
call creare_programare('Burca', 'Marin', 'Varvara', 'Raluca', '2021-01-30', '10:00:00', 'ecocardiologie', 'Regina Maria', @rez);

call creare_programare('Adamesteanu', 'Gabriela', 'Varvara', 'Raluca', '2021-01-30', '17:00:00', 'ecocardiologie', 'Policlinica Astra', @rez);
call creare_programare('Lungu', 'Dan', 'Varvara', 'Raluca', '2021-01-30', '16:00:00', 'ecocardiologie', 'Policlinica Astra', @rez);

call creare_programare('Iris', 'Eleonora', 'Varvara', 'Raluca', '2021-01-31', '08:00:00', 'EEG', 'Regina Maria', @rez);
call creare_programare('Ene', 'Larisa', 'Varvara', 'Raluca', '2021-01-31', '09:00:00', 'ecocardiologie', 'Regina Maria', @rez);
call creare_programare('Burca', 'Marin', 'Varvara', 'Raluca', '2021-01-31', '10:00:00', 'ecocardiologie', 'Regina Maria', @rez);

call creare_programare('Adamesteanu', 'Gabriela', 'Varvara', 'Raluca', '2021-01-31', '17:00:00', 'ecocardiologie', 'Policlinica Astra', @rez);
call creare_programare('Lungu', 'Dan', 'Varvara', 'Raluca', '2021-01-31', '16:00:00', 'ecocardiologie', 'Policlinica Astra', @rez);

-- Gheorghidiu Stefan
call creare_programare('Tudose', 'Alexandru', 'Gheorghidiu', 'Stefan', '2021-01-02', '08:00:00', 'ecografie', 'Regina Maria', @rez);
call creare_programare('Petru', 'Alexandru', 'Gheorghidiu', 'Stefan', '2021-01-02', '09:00:00', 'ecografie', 'Regina Maria', @rez);
call creare_programare('Leonte', 'Alexandru', 'Gheorghidiu', 'Stefan', '2021-01-02', '09:30:00', 'ecografie', 'Regina Maria', @rez);
call creare_programare('Lapusneanu', 'Alexandru', 'Gheorghidiu', 'Stefan', '2021-01-02', '10:00:00', 'ecografie', 'Regina Maria', @rez);
call creare_programare('Tudose', 'Alexandru', 'Gheorghidiu', 'Stefan', '2021-01-03', '08:00:00', 'ecografie', 'Regina Maria', @rez);
call creare_programare('Petru', 'Alexandru', 'Gheorghidiu', 'Stefan', '2021-01-03', '09:00:00', 'ecografie', 'Regina Maria', @rez);
call creare_programare('Leonte', 'Alexandru', 'Gheorghidiu', 'Stefan', '2021-01-03', '09:30:00', 'ecografie', 'Regina Maria', @rez);
call creare_programare('Lapusneanu', 'Alexandru', 'Gheorghidiu', 'Stefan', '2021-01-03', '10:00:00', 'ecografie', 'Regina Maria', @rez);
call creare_programare('Tudose', 'Alexandru', 'Gheorghidiu', 'Stefan', '2021-01-04', '08:00:00', 'ecografie', 'Regina Maria', @rez);
call creare_programare('Petru', 'Alexandru', 'Gheorghidiu', 'Stefan', '2021-01-04', '09:00:00', 'ecografie', 'Regina Maria', @rez);
call creare_programare('Leonte', 'Alexandru', 'Gheorghidiu', 'Stefan', '2021-01-04', '09:30:00', 'ecografie', 'Regina Maria', @rez);
call creare_programare('Lapusneanu', 'Alexandru', 'Gheorghidiu', 'Stefan', '2021-01-04', '10:00:00', 'ecografie', 'Regina Maria', @rez);
call creare_programare('Tudose', 'Alexandru', 'Gheorghidiu', 'Stefan', '2021-01-05', '08:00:00', 'ecografie', 'Regina Maria', @rez);
call creare_programare('Petru', 'Alexandru', 'Gheorghidiu', 'Stefan', '2021-01-05', '09:00:00', 'ecografie', 'Regina Maria', @rez);
call creare_programare('Leonte', 'Alexandru', 'Gheorghidiu', 'Stefan', '2021-01-05', '09:30:00', 'ecografie', 'Regina Maria', @rez);
call creare_programare('Lapusneanu', 'Alexandru', 'Gheorghidiu', 'Stefan', '2021-01-05', '10:00:00', 'ecografie', 'Regina Maria', @rez);
call creare_programare('Tudose', 'Alexandru', 'Gheorghidiu', 'Stefan', '2021-01-07', '08:00:00', 'ecografie', 'Regina Maria', @rez);
call creare_programare('Petru', 'Alexandru', 'Gheorghidiu', 'Stefan', '2021-01-07', '09:00:00', 'ecografie', 'Regina Maria', @rez);
call creare_programare('Leonte', 'Alexandru', 'Gheorghidiu', 'Stefan', '2021-01-07', '09:30:00', 'ecografie', 'Regina Maria', @rez);
call creare_programare('Lapusneanu', 'Alexandru', 'Gheorghidiu', 'Stefan', '2021-01-07', '10:00:00', 'ecografie', 'Regina Maria', @rez);
call creare_programare('Tudose', 'Alexandru', 'Gheorghidiu', 'Stefan', '2021-01-10', '08:00:00', 'ecografie', 'Regina Maria', @rez);
call creare_programare('Petru', 'Alexandru', 'Gheorghidiu', 'Stefan', '2021-01-10', '09:00:00', 'ecografie', 'Regina Maria', @rez);
call creare_programare('Leonte', 'Alexandru', 'Gheorghidiu', 'Stefan', '2021-01-10', '09:30:00', 'ecografie', 'Regina Maria', @rez);
call creare_programare('Lapusneanu', 'Alexandru', 'Gheorghidiu', 'Stefan', '2021-01-10', '10:00:00', 'ecografie', 'Regina Maria', @rez);
call creare_programare('Tudose', 'Alexandru', 'Gheorghidiu', 'Stefan', '2021-01-12', '08:00:00', 'ecografie', 'Regina Maria', @rez);
call creare_programare('Petru', 'Alexandru', 'Gheorghidiu', 'Stefan', '2021-01-12', '09:00:00', 'ecografie', 'Regina Maria', @rez);
call creare_programare('Leonte', 'Alexandru', 'Gheorghidiu', 'Stefan', '2021-01-12', '09:30:00', 'ecografie', 'Regina Maria', @rez);
call creare_programare('Lapusneanu', 'Alexandru', 'Gheorghidiu', 'Stefan', '2021-01-12', '10:00:00', 'ecografie', 'Regina Maria', @rez);
call creare_programare('Tudose', 'Alexandru', 'Gheorghidiu', 'Stefan', '2021-01-15', '08:00:00', 'ecografie', 'Regina Maria', @rez);
call creare_programare('Petru', 'Alexandru', 'Gheorghidiu', 'Stefan', '2021-01-15', '09:00:00', 'ecografie', 'Regina Maria', @rez);
call creare_programare('Leonte', 'Alexandru', 'Gheorghidiu', 'Stefan', '2021-01-15', '09:30:00', 'ecografie', 'Regina Maria', @rez);
call creare_programare('Lapusneanu', 'Alexandru', 'Gheorghidiu', 'Stefan', '2021-01-15', '10:00:00', 'ecografie', 'Regina Maria', @rez);

-- Ivan Cosmina
call creare_programare('Lapusneanu', 'Alexandru', 'Ivan', 'Cosmina', '2021-01-01', '16:00:00', 'dializa', 'Policlinica Astra', @rez);
call creare_programare('Lapusneanu', 'Alexandru', 'Ivan', 'Cosmina', '2021-01-01', '18:00:00', 'dializa', 'Policlinica Astra', @rez);
call creare_programare('Lapusneanu', 'Alexandru', 'Ivan', 'Cosmina', '2021-01-02', '16:00:00', 'dializa', 'Policlinica Astra', @rez);
call creare_programare('Petrescu', 'Alexandru', 'Ivan', 'Cosmina', '2021-01-02', '18:00:00', 'dializa', 'Policlinica Astra', @rez);
call creare_programare('Petrescu', 'Camil', 'Ivan', 'Cosmina', '2021-01-03', '16:00:00', 'dializa', 'Policlinica Astra', @rez);
call creare_programare('Lapusneanu', 'Alexandru', 'Ivan', 'Cosmina', '2021-01-03', '18:00:00', 'dializa', 'Policlinica Astra', @rez);
call creare_programare('Cartarescu', 'Alexandru', 'Ivan', 'Cosmina', '2021-01-04', '16:00:00', 'dializa', 'Policlinica Astra', @rez);
call creare_programare('Lapusneanu', 'Alexandru', 'Ivan', 'Cosmina', '2021-01-04', '18:00:00', 'dializa', 'Policlinica Astra', @rez);
call creare_programare('Cartarescu', 'Mircea', 'Ivan', 'Cosmina', '2021-01-05', '16:00:00', 'dializa', 'Policlinica Astra', @rez);
call creare_programare('Niculescu', 'Ioan', 'Ivan', 'Cosmina', '2021-01-05', '18:00:00', 'dializa', 'Policlinica Astra', @rez);
call creare_programare('Iancau', 'Raluca', 'Ivan', 'Cosmina', '2021-01-06', '16:00:00', 'dializa', 'Policlinica Astra', @rez);
call creare_programare('Tanase', 'Alexandra', 'Ivan', 'Cosmina', '2021-01-06', '18:00:00', 'dializa', 'Policlinica Astra', @rez);
call creare_programare('Sasu', 'Elena', 'Ivan', 'Cosmina', '2021-01-07', '16:00:00', 'dializa', 'Policlinica Astra', @rez);
call creare_programare('Liviu', 'Andrei', 'Ivan', 'Cosmina', '2021-01-07', '18:00:00', 'dializa', 'Policlinica Astra', @rez);

-- Nicoara Ioana
call creare_programare('Liviu', 'Andrei', 'Nicoara', 'Ioana', '2021-01-01', '8:00:00', 'endoscopie digestiva', 'MedLife', @rez);
call creare_programare('Liviu', 'Ioan', 'Nicoara', 'Ioana', '2021-01-01', '9:00:00', 'endoscopie digestiva', 'MedLife', @rez);
call creare_programare('Sasu', 'Ioan', 'Nicoara', 'Ioana', '2021-01-01', '10:00:00', 'endoscopie digestiva', 'MedLife', @rez);
call creare_programare('Liviu', 'Andrei', 'Nicoara', 'Ioana', '2021-01-02', '8:00:00', 'endoscopie digestiva', 'MedLife', @rez);
call creare_programare('Liviu', 'Ioan', 'Nicoara', 'Ioana', '2021-01-02', '9:00:00', 'endoscopie digestiva', 'MedLife', @rez);
call creare_programare('Sasu', 'Ioan', 'Nicoara', 'Ioana', '2021-01-02', '10:00:00', 'endoscopie digestiva', 'MedLife', @rez);
call creare_programare('Cartarescu', 'Andrei', 'Nicoara', 'Ioana', '2021-01-03', '8:00:00', 'endoscopie digestiva', 'MedLife', @rez);
call creare_programare('Adameseanu', 'Ioan', 'Nicoara', 'Ioana', '2021-01-03', '9:00:00', 'endoscopie digestiva', 'MedLife', @rez);
call creare_programare('Popescu', 'Ioan', 'Nicoara', 'Ioana', '2021-01-03', '10:00:00', 'endoscopie digestiva', 'MedLife', @rez);
call creare_programare('Popescu', 'Simona', 'Nicoara', 'Ioana', '2021-01-04', '8:00:00', 'endoscopie digestiva', 'MedLife', @rez);
call creare_programare('Pandrea', 'Andrea', 'Nicoara', 'Ioana', '2021-01-04', '9:00:00', 'endoscopie digestiva', 'MedLife', @rez);
call creare_programare('Dragos', 'Miruna', 'Nicoara', 'Ioana', '2021-01-04', '10:00:00', 'endoscopie digestiva', 'MedLife', @rez);
call creare_programare('Draghiciu', 'Teodora', 'Nicoara', 'Ioana', '2021-01-05', '8:00:00', 'endoscopie digestiva', 'MedLife', @rez);
call creare_programare('Modval', 'Teodora', 'Nicoara', 'Ioana', '2021-01-05', '9:00:00', 'endoscopie digestiva', 'MedLife', @rez);
call creare_programare('Moraru', 'Ioana', 'Nicoara', 'Ioana', '2021-01-05', '10:00:00', 'endoscopie digestiva', 'MedLife', @rez);

-- Tudor Mihai cardiologie interventionala
call creare_programare('Moraru', 'Ioana', 'Tudor', 'Mihai', '2021-01-01', '08:00:00', 'cardiologie interventionala', 'MedLife', @rez);
call creare_programare('Popovici', 'Ioana', 'Tudor', 'Mihai', '2021-01-01', '09:00:00', 'chirurgie spinala', 'MedLife', @rez);
call creare_programare('Pricope', 'Lavinia', 'Tudor', 'Mihai', '2021-01-01', '10:00:00', 'chirurgie spinala', 'MedLife', @rez);
call creare_programare('Moraru', 'Ioana', 'Tudor', 'Mihai', '2021-01-01', '16:00:00', 'cardiologie interventionala', 'Medo', @rez);
call creare_programare('Popovici', 'Ioana', 'Tudor', 'Mihai', '2021-01-01', '17:00:00', 'chirurgie spinala', 'Medo', @rez);
call creare_programare('Pricope', 'Lavinia', 'Tudor', 'Mihai', '2021-01-01', '18:00:00', 'chirurgie spinala', 'Medo', @rez);

call creare_programare('Moraru', 'Ioana', 'Tudor', 'Mihai', '2021-01-12', '08:00:00', 'cardiologie interventionala', 'MedLife', @rez);
call creare_programare('Popovici', 'Ioana', 'Tudor', 'Mihai', '2021-01-12', '09:00:00', 'chirurgie spinala', 'MedLife', @rez);
call creare_programare('Pricope', 'Lavinia', 'Tudor', 'Mihai', '2021-01-12', '10:00:00', 'chirurgie spinala', 'MedLife', @rez);
call creare_programare('Moraru', 'Ioana', 'Tudor', 'Mihai', '2021-01-12', '16:00:00', 'cardiologie interventionala', 'Medo', @rez);
call creare_programare('Popovici', 'Ioana', 'Tudor', 'Mihai', '2021-01-12', '17:00:00', 'chirurgie spinala', 'Medo', @rez);
call creare_programare('Pricope', 'Lavinia', 'Tudor', 'Mihai', '2021-01-12', '18:00:00', 'chirurgie spinala', 'Medo', @rez);

call creare_programare('Moraru', 'Ioana', 'Tudor', 'Mihai', '2021-01-22', '08:00:00', 'cardiologie interventionala', 'MedLife', @rez);
call creare_programare('Popovici', 'Ioana', 'Tudor', 'Mihai', '2021-01-22', '09:00:00', 'chirurgie spinala', 'MedLife', @rez);
call creare_programare('Pricope', 'Lavinia', 'Tudor', 'Mihai', '2021-01-22', '10:00:00', 'chirurgie spinala', 'MedLife', @rez);
call creare_programare('Moraru', 'Ioana', 'Tudor', 'Mihai', '2021-01-22', '16:00:00', 'cardiologie interventionala', 'Medo', @rez);
call creare_programare('Popovici', 'Ioana', 'Tudor', 'Mihai', '2021-01-22', '17:00:00', 'chirurgie spinala', 'Medo', @rez);
call creare_programare('Pricope', 'Lavinia', 'Tudor', 'Mihai', '2021-01-22', '18:00:00', 'chirurgie spinala', 'Medo', @rez);

-- Pucani Catalin
call creare_programare('Pricope', 'Lavinia', 'Pucani', 'Catalin', '2021-01-04', '19:00:00', 'EMG', 'Medo', @rez);
call creare_programare('Iliescu', 'Stefan', 'Pucani', 'Catalin', '2021-01-04', '20:00:00', 'chirurgie toracica', 'Medo', @rez);
call creare_programare('Toderica', 'Mihai', 'Pucani', 'Catalin', '2021-01-04', '21:00:00', 'chirurgie toracica', 'Medo', @rez);
call creare_programare('Pricope', 'Lavinia', 'Pucani', 'Catalin', '2021-01-04', '12:00:00', 'chirurgie toracica', 'MedLife', @rez);
call creare_programare('Iliescu', 'Stefan', 'Pucani', 'Catalin', '2021-01-04', '13:00:00', 'EMG', 'MedLife', @rez);
call creare_programare('Toderica', 'Mihai', 'Pucani', 'Catalin', '2021-01-04', '14:00:00', 'EMG', 'MedLife', @rez);

call creare_programare('Pricope', 'Lavinia', 'Pucani', 'Catalin', '2021-01-05', '19:00:00', 'EMG', 'Medo', @rez);
call creare_programare('Iliescu', 'Stefan', 'Pucani', 'Catalin', '2021-01-05', '20:00:00', 'chirurgie toracica', 'Medo', @rez);
call creare_programare('Toderica', 'Mihai', 'Pucani', 'Catalin', '2021-01-05', '21:00:00', 'chirurgie toracica', 'Medo', @rez);
call creare_programare('Pricope', 'Lavinia', 'Pucani', 'Catalin', '2021-01-05', '12:00:00', 'chirurgie toracica', 'MedLife', @rez);
call creare_programare('Iliescu', 'Stefan', 'Pucani', 'Catalin', '2021-01-05', '13:00:00', 'EMG', 'MedLife', @rez);
call creare_programare('Toderica', 'Mihai', 'Pucani', 'Catalin', '2021-01-05', '14:00:00', 'EMG', 'MedLife', @rez);

call creare_programare('Pricope', 'Lavinia', 'Pucani', 'Catalin', '2021-01-06', '19:00:00', 'EMG', 'Medo', @rez);
call creare_programare('Iliescu', 'Stefan', 'Pucani', 'Catalin', '2021-01-06', '20:00:00', 'chirurgie toracica', 'Medo', @rez);
call creare_programare('Toderica', 'Mihai', 'Pucani', 'Catalin', '2021-01-06', '21:00:00', 'chirurgie toracica', 'Medo', @rez);
call creare_programare('Pricope', 'Lavinia', 'Pucani', 'Catalin', '2021-01-06', '12:00:00', 'chirurgie toracica', 'MedLife', @rez);
call creare_programare('Iliescu', 'Stefan', 'Pucani', 'Catalin', '2021-01-06', '13:00:00', 'EMG', 'MedLife', @rez);
call creare_programare('Toderica', 'Mihai', 'Pucani', 'Catalin', '2021-01-06', '14:00:00', 'EMG', 'MedLife', @rez);

set @salariu:=null;
call calculare_salariu('Varvara','Raluca',1,@salariu);
select @salariu;


select  Nume, Prenume from Utilizatori as u join Orare_generice as o on u.cnp = o.CNP_utilizator where o.unitate_medicala like 'Regina Maria' and o.zi like 'luni';
-- INSERT INTO programari_pacient (ziua, ora, durata, CNP_medic, serviciu, nume_pacient, prenume_pacient)
-- VALUES (CURRENT_DATE(), CURRENT_TIME(), '125', '6020420298635', 'discutie_misogina', 'Varvara', 'Raluca');

-- DELETE FROM programari_pacient
-- WHERE nume_pacient LIKE 'Varvara' AND prenume_pacient LIKE 'Raluca';
